,predict_horizon,mse
0,5,0.75947917
1,15,0.77723193
2,60,0.8288308
3,120,0.8431916
4,180,0.92519003
5,240,0.8667445
6,300,0.8840759
7,360,0.8608731
8,420,0.8939513
9,480,0.9009769
10,1440,0.8925898
11,2880,0.89816546
