,predict_horizon,mse
0,5,0.84158796
1,15,0.8583421
2,60,0.87585336
3,120,0.8829739
4,180,0.8475697
5,240,0.85760635
6,300,0.845343
7,360,0.8532412
8,420,0.86335623
9,480,0.8600361
10,1440,0.86881024
11,2880,0.869659
