,predict_horizon,mse
0,5,1.8606105
1,15,0.6776945
2,60,0.68652254
3,120,0.6925085
4,180,0.69672066
5,240,0.69696856
6,300,0.7110266
7,360,0.70009816
8,420,0.69076693
9,480,0.7010024
10,1440,0.70225185
11,2880,0.70260775
