,predict_horizon,mse
0,5,0.58691865
1,15,0.5802319
2,60,0.62646735
3,120,0.62933147
4,180,0.6279802
5,240,0.63689417
6,300,0.63202477
7,360,0.63114536
8,420,0.6295626
9,480,0.6367322
10,1440,0.63360655
11,2880,0.6336124
