,predict_horizon,mse
0,5,16.328371
1,15,0.8551001
2,60,0.7004887
3,120,0.69187856
4,180,0.69068
5,240,0.6882834
6,300,0.68710405
7,360,0.6891614
8,420,0.68691796
9,480,0.68489176
10,1440,0.6836979
11,2880,0.68376094
