,predict_horizon,mse
0,5,0.77440023
1,15,0.77333736
2,60,0.7596238
3,120,0.7489692
4,180,0.74704635
5,240,0.73598826
6,300,0.7395697
7,360,0.7374511
8,420,0.74330133
9,480,0.7390604
10,1440,0.7375478
11,2880,0.73754555
