,predict_horizon,mse
0,5,1.4546391
1,15,0.6666525
2,60,0.64952356
3,120,0.6471038
4,180,0.6502336
5,240,0.64472103
6,300,0.64702207
7,360,0.64678997
8,420,0.6458189
9,480,0.64463365
10,1440,0.64490855
11,2880,0.64465237
