,predict_horizon,mse
0,5,0.6100903
1,15,0.63335246
2,60,0.70247453
3,120,0.6991042
4,180,0.7039371
5,240,0.72065884
6,300,0.7159776
7,360,0.70389664
8,420,0.7093197
9,480,0.7192062
10,1440,0.715403
11,2880,0.71563625
