,predict_horizon,mse
0,5,3.458379
1,15,3.095028
2,60,3.0263999
3,120,2.8278992
4,180,2.9258542
5,240,2.8353527
6,300,2.812229
7,360,2.7765632
8,420,2.7832112
9,480,2.8225307
10,1440,2.7735615
11,2880,2.7731826
