,predict_horizon,mse
0,5,0.65972215
1,15,0.6640869
2,60,0.66730833
3,120,0.66794086
4,180,0.6683936
5,240,0.6683462
6,300,0.6685536
7,360,0.668581
8,420,0.6681633
9,480,0.6683048
10,1440,0.6686959
11,2880,0.6686981
