,predict_horizon,mse
0,5,1.0059471
1,15,1.2284776
2,60,1.238464
3,120,1.2404059
4,180,1.2577771
5,240,1.237373
6,300,1.2469739
7,360,1.241796
8,420,1.2506096
9,480,1.2412958
10,1440,1.2394037
11,2880,1.2399321
